Episode,Reward
1,-84595.68804104168
2,-90886.54194330468
3,-99712.91356311554
4,-89796.89878598938
5,-86803.59581056233
6,-97182.51548317737
7,-98489.53098437029
8,-99681.85194025985
