Episode,Reward
1,-1778.5198184373457
2,-1474.7971928120573
3,-1308.9056677274928
4,-1516.2406500602822
5,-1262.0435190534356
6,-1347.59333044011
7,-1355.6007196750056
8,-1338.9106009460957
9,-1476.7367260404783
10,-1398.7448046153308
11,-1445.150637431279
12,-1473.415016415415
13,-1438.7766465727868
14,-1322.5926390950003
15,-1307.707289760371
16,-1369.9165429292404
